eutl_holder_id,jurisdiction,n_candidates,correct_top1,correct_any_candidate
ae26ed99fc,AT,1,True,True
5aa02191f5,AT,1,True,True
0e4a6cfb7d,AT,1,True,True
e64806501d,AT,1,True,True
7d156cd974,AT,1,True,True
b4fbfe0211,AT,1,True,True
b2484c9452,AT,1,True,True
bf3006b3f2,AT,1,True,True
d1011d87ab,AT,1,True,True
59bc5f742d,AT,1,True,True
622067368d,BE,1,True,True
0fd5ab544f,BE,1,True,True
535fe35eb5,BE,1,True,True
718042760d,BE,1,True,True
464cac0ab2,BE,1,True,True
261827b27c,BE,1,True,True
873d877e41,BE,1,True,True
68ae787313,BE,1,True,True
ac1e9d56de,BE,1,True,True
cf34c0a14e,BE,1,True,True
eb153adf8e,BE,1,True,True
59a16a30b8,BE,1,True,True
e9bd9ab721,BE,1,True,True
a1e2ce2fda,BE,1,True,True
33d3f5e60a,BE,1,True,True
7c6700b9c6,BE,1,True,True
ce3b7a8cca,BE,1,True,True
68389d9632,BE,1,True,True
a9da2a3049,BE,1,True,True
8bf50a512d,BE,1,True,True
1fd0158683,BE,2,True,True
4b30031491,BE,1,True,True
b1525e5e4f,BE,1,True,True
ff7d78702d,BE,1,True,True
b1542b4ae3,BE,1,True,True
12655fe752,BE,1,True,True
ef3f491ca5,BE,1,True,True
552ca48091,BE,1,True,True
acd50f5ec9,BE,1,True,True
f88783349e,BE,1,True,True
223a306f5f,BE,1,True,True
e78ab7358d,BE,1,True,True
74e4bc9ba6,BE,1,True,True
19ddfaf32a,BE,1,True,True
bba9936f8c,BE,1,True,True
acbeb4941b,BE,1,True,True
d31cd3735b,BE,1,True,True
463d10352d,BE,1,True,True
49b581a42a,BE,1,True,True
db7f1db2a7,BE,1,True,True
e2cbdbcc87,BE,1,True,True
8322dbe2a4,BE,1,True,True
eb1d729214,BE,1,True,True
d570868be0,BE,1,True,True
97409af3b3,BE,1,True,True
0579904aaf,BE,1,True,True
2bee4c9c53,BE,1,True,True
602c6b35fa,BE,1,True,True
4904100a54,BE,1,True,True
8aad6d916a,BE,1,True,True
2cccbb0a2e,BE,1,True,True
cf8ed5131c,BE,1,True,True
4140ec3c3c,BE,1,True,True
23ecd06483,BE,1,True,True
5802f26ce2,BE,1,True,True
504393ada3,BE,1,True,True
0667d592fb,BE,1,True,True
49e387942f,BE,1,True,True
92273d76e4,BE,1,True,True
aa1051ebbe,BE,1,True,True
6011e79daa,BE,1,True,True
30e888e814,BE,1,True,True
ff2bf830c2,BE,1,True,True
1a8136596c,BE,1,True,True
cdcc78bc57,BE,1,True,True
bbf9b06eb2,BE,1,True,True
b4574b59be,BE,1,True,True
2f89825779,BE,1,True,True
67e970b33b,BE,1,True,True
71b887cbbb,BE,1,True,True
dfb2ae2c71,BE,1,True,True
d9e9b22ffa,BE,1,True,True
e7b246f91c,BE,2,False,True
511df14ca7,BE,1,True,True
1ae64e2a28,BE,1,True,True
7028549cca,BE,1,True,True
923d9df9f8,BE,1,True,True
cb8bbc9ae0,BE,1,True,True
b55e0fc30f,BE,1,True,True
9f0a05ee33,BE,1,True,True
43a8d97642,BE,1,True,True
a7568f459d,BE,1,True,True
f212519ab9,BE,1,True,True
1e2c473b0d,BE,1,True,True
6e22bf7835,BE,1,True,True
0dd3a0a330,BE,1,True,True
6608f18355,BE,1,True,True
e9c0e8ad4e,BE,1,True,True
fc5bee36d9,BE,1,True,True
b15af4764b,BE,1,True,True
1ef230f377,BE,1,True,True
64ee3975cd,BE,1,True,True
96119c35db,BE,1,True,True
de1bb8bce5,BE,1,True,True
65df506c78,BE,1,True,True
f7a28f73e0,BE,1,True,True
e7dce8cb9e,BE,1,True,True
7858acdfb7,BE,1,True,True
011edbcdf3,BE,1,True,True
3e4560e102,BE,1,True,True
ec907e87f6,BE,1,True,True
bb32d9ed0e,BE,1,True,True
6d4e606ef4,BE,1,True,True
9c66a6f81c,BE,1,True,True
f5423da709,BE,1,True,True
b13df27657,BE,1,True,True
ad62e6bf6c,BE,1,True,True
9003b0a2ae,BE,1,True,True
0b91fff72f,BE,1,True,True
ef8a030fc8,BE,1,True,True
4674a2cb9f,BE,1,True,True
d921ae3433,BE,1,True,True
5f8cd28ec1,BE,1,True,True
94f38c4731,BE,1,True,True
3541aabcc4,BE,1,True,True
1614711270,BE,1,True,True
c127104853,BE,1,True,True
642d8129e3,BE,1,True,True
b5f2b7eda1,BE,1,True,True
4acfee2f92,BE,1,True,True
151846ff5e,BE,1,True,True
55e32551c4,BE,1,True,True
060b136150,BE,1,True,True
ba1a6dad95,BE,1,True,True
18f9d5784c,BE,1,True,True
d0adbcd504,BE,1,True,True
fbc28b4275,BE,1,True,True
f0eb1d114c,BE,1,True,True
ce740756c1,BE,1,True,True
81794e7f66,BE,1,True,True
b471fd029c,BE,1,True,True
bb194badf6,BE,1,True,True
576890164b,BE,1,True,True
a46b764d1b,BE,1,True,True
71bdc57842,BE,1,True,True
53e1bc79a1,BE,1,True,True
64679b0ef1,BE,1,True,True
d2a4adcc7b,BE,1,True,True
6af907edfc,BE,1,True,True
170be782de,BE,1,True,True
aa5c0ae225,BE,1,True,True
0656f42bc1,BE,1,True,True
e87b5739e7,BE,1,True,True
5b7416e0df,BE,1,True,True
ec603d596a,BE,1,True,True
c294c452e0,BE,1,True,True
92c7dcd29d,BE,1,True,True
047857367b,BE,1,True,True
2f764363c8,BE,1,True,True
0c39b2e588,BE,1,True,True
6f5b6af057,BE,1,True,True
21826abc10,BE,1,True,True
1d3debe0b7,BE,1,True,True
81c3e37afa,BE,1,True,True
593ae026a6,BE,1,True,True
28a602a098,BE,1,True,True
1acd5ee864,BE,1,True,True
77c754c090,BE,1,True,True
f55072fca9,BE,1,True,True
f9243c7911,BE,1,True,True
8efad5e7e0,BE,1,True,True
51d6531195,BE,1,True,True
29877492b1,BE,1,True,True
c1dab70502,BE,1,True,True
4782b89239,BE,1,True,True
81ca40c19c,BE,1,True,True
c36f8c06ca,BE,1,True,True
b18e69a434,BE,1,True,True
a8d758c7ac,BE,1,True,True
a34a67dc93,BE,2,False,True
34510a65a3,BE,1,True,True
d624a68b42,BE,1,True,True
7312a5f84a,BE,1,True,True
ae8e6bf4e2,BE,1,True,True
cae5229eb1,BE,1,True,True
e908211dcb,BE,1,True,True
9310125eb1,BE,1,True,True
d732f3bfb4,BE,1,True,True
d3a3331598,BE,1,True,True
c3f93c8fd0,BE,1,True,True
fee4bc0667,BE,1,True,True
2fdba2be3c,BE,1,True,True
a6f74b6371,BG,1,True,True
950e9260d4,BG,1,True,True
c160a72fc7,CZ,1,True,True
c4d2ece93f,CZ,1,True,True
ba35cc4a3b,CZ,1,True,True
46a3f9cd15,CZ,1,True,True
f7b1758b4f,CZ,1,True,True
6a794564e2,CZ,1,True,True
b2a51b766d,CZ,1,True,True
26e8a75f30,CZ,1,True,True
b0f1527510,CZ,1,True,True
0425bfbd2e,CZ,1,True,True
1715dfb2d0,CZ,1,True,True
8cee4cc1bd,CZ,1,True,True
67c4599a79,CZ,1,True,True
782dacf7ec,CZ,1,True,True
f8ea709fb3,CZ,1,True,True
7b53f86a18,CZ,1,True,True
af1a68d7df,CZ,1,True,True
44a3a5cbd4,CZ,1,True,True
19fb4ffcdd,CZ,1,True,True
82ea87229a,CZ,1,False,False
8705277646,CZ,1,True,True
7e0eee1c3d,CZ,1,True,True
e5a6b9fc58,CZ,1,True,True
8301d5e2d6,CZ,1,True,True
8f78198e4e,CZ,1,True,True
fa647c93d6,CZ,1,True,True
6ce7a9c12c,CZ,1,True,True
c9fa458cbe,CZ,1,True,True
36c8c26057,CZ,1,True,True
1c40c7c3a9,CZ,1,True,True
2d7bc931fa,CZ,1,True,True
b64bb668c4,CZ,1,True,True
48ac20e644,CZ,1,True,True
dbb0c31cab,CZ,1,True,True
bba71b7378,CZ,1,True,True
c35da22c42,CZ,1,True,True
98548c8257,CZ,1,True,True
0d6ff9f735,CZ,1,True,True
459a0f18c5,CZ,1,True,True
ffba85354c,CZ,1,True,True
d7a66a7aff,CZ,1,True,True
bb93ad532c,CZ,1,True,True
6b004ecc12,CZ,1,True,True
d97421e2f6,CZ,1,True,True
5a4755fb34,CZ,1,True,True
04fe74dc98,CZ,1,True,True
db5b665bae,CZ,1,True,True
dbd075d53d,CZ,1,True,True
9925b370dc,CZ,1,True,True
d276d6ba60,CZ,1,True,True
f9c14875f0,CZ,1,True,True
f8b1794d9d,CZ,1,True,True
837e4df5df,CZ,1,True,True
f557e9b8bd,CZ,1,True,True
25100a0261,CZ,1,True,True
f8c18a4e3a,CZ,1,True,True
e998f96ba0,CZ,1,True,True
b3a3e94df1,CZ,1,True,True
21bae403cd,CZ,1,True,True
8fbc56ec05,CZ,1,True,True
f74c5caa90,CZ,1,True,True
cdb64e6477,CZ,1,True,True
d000bc5481,CZ,1,True,True
b1d47ade57,CZ,1,True,True
577b06fb60,CZ,1,True,True
6ffab440e6,CZ,1,True,True
f98b440ebe,CZ,1,True,True
e1865dd757,CZ,1,True,True
64ca792a40,CZ,1,True,True
46a6b8ac72,CZ,1,True,True
30ec6288cd,CZ,1,True,True
d4714b9eda,CZ,1,True,True
33f9c4284f,CZ,1,True,True
cca520ca38,CZ,1,True,True
fdb15a422b,CZ,1,True,True
4a03127851,CZ,1,True,True
2d6ed5e825,CZ,1,True,True
536ccf778f,CZ,1,True,True
5af14f9347,CZ,1,True,True
508700a36c,CZ,1,True,True
f43999c231,CZ,1,True,True
964a75ba6e,CZ,1,True,True
f746db2867,CZ,1,True,True
c0642b23d1,CZ,1,True,True
a5298c0120,CZ,1,True,True
a696b619ed,CZ,1,True,True
d60abf5877,CZ,1,True,True
46706ff000,CZ,1,True,True
2fa1b4e449,CZ,1,True,True
ba6a6cd0f3,CZ,1,True,True
e7846ef082,CZ,1,True,True
e1e2584ccf,CZ,1,True,True
73c58100a7,CZ,1,True,True
e6ac39b5d0,CZ,1,True,True
6288cf31c1,CZ,1,True,True
98a6860aea,CZ,1,True,True
7c720d61d3,CZ,1,True,True
055bb9378e,CZ,1,True,True
2ece5d21de,CZ,1,True,True
8334677136,CZ,1,True,True
e1430e8fbf,CZ,1,True,True
523e8ebae1,CZ,1,True,True
58e434bcca,CZ,1,True,True
0577f0ec73,CZ,1,True,True
fc76a316f9,CZ,1,True,True
bf007153f3,CZ,1,True,True
ff5c51dcb8,CZ,1,True,True
b60a693289,CZ,1,True,True
3d13d644dc,CZ,1,True,True
24b2db5cde,CZ,1,True,True
43708b2fce,CZ,1,True,True
166542472d,CZ,1,True,True
54d4d66736,CZ,1,True,True
090e7b1e50,CZ,1,True,True
1ad7a532c7,CZ,1,True,True
49b8edd13d,CZ,1,True,True
931e105480,CZ,1,True,True
ecc1cedb22,CZ,1,True,True
22288b5a3c,CZ,1,True,True
375368d8b6,CZ,1,True,True
316459cb42,CZ,1,True,True
634f3d0d27,CZ,1,True,True
55e3325548,CZ,1,True,True
d518259197,CZ,1,True,True
573a36fe0c,CZ,1,True,True
57e7fe41a4,CZ,1,True,True
c51176e963,CZ,1,True,True
3a3bb49419,CZ,1,True,True
0870d2cc1f,CZ,1,True,True
bf0a9cdd31,CZ,1,True,True
b2aa42afc4,CZ,1,True,True
ac6fced02a,CZ,1,True,True
c0d4617dd8,CZ,1,True,True
83e0724aea,CZ,1,True,True
f0f8c85b2b,CZ,1,True,True
5e1feeaf77,CZ,1,True,True
e9e4d1dde5,CZ,1,True,True
0dcb36314b,CZ,1,True,True
63dd19d45a,CZ,1,True,True
81e51ab059,CZ,1,True,True
b3710eee6a,DE,3,False,True
b31fc9ef14,DE,1,True,True
2451be38b8,DE,1,True,True
2f80ce95ff,DE,1,True,True
02590683d4,DE,1,True,True
e4f4feb28c,DE,2,True,True
8651ce39d0,DE,3,True,True
74a6ef9a49,DE,2,False,True
28e7409fd2,DE,1,True,True
550173bf0a,DE,2,True,True
09a1e4b43e,DE,2,True,True
6e09789aec,DE,1,True,True
a9d377327d,DE,1,True,True
46ca051100,DE,1,True,True
6673b994ac,DE,1,True,True
40907ffdc2,DE,1,True,True
fad0154e44,DE,1,True,True
1415bc0cb1,DE,1,True,True
071235030c,DE,1,True,True
b22e49f6ec,DE,1,True,True
4164948b4f,DE,1,True,True
1345ff71e9,DE,1,True,True
eb2369605f,DE,1,True,True
5f49195522,DE,1,True,True
50df1edf69,DE,1,True,True
67618540b4,DE,1,True,True
851abedf0d,DE,1,True,True
c9fb7f955f,DE,3,True,True
3fb1f67854,DE,1,True,True
1a7dbf3b15,DE,1,True,True
d8718266c9,DE,1,True,True
d55ea765e8,DE,1,True,True
bd06780b44,DE,1,True,True
375c67c645,DE,2,False,True
342b90aec3,DE,2,True,True
ee435e7718,DE,2,False,True
c951b26254,DE,2,False,True
3a180003f6,DE,1,True,True
cf453741d3,DE,1,True,True
7b3ece249c,DE,1,True,True
873bca4b83,DE,2,False,True
230ad4a4e5,DE,1,True,True
93f94cf7a8,DE,2,True,True
91f82f606d,DE,1,True,True
6a53fe65dc,DE,1,True,True
7123a7924c,DE,1,True,True
64191e5832,DE,1,True,True
6df442e916,DE,2,False,True
c857a32fd5,DE,1,True,True
d5cc247691,DE,2,True,True
7e74c4e76d,DE,1,True,True
518718bbeb,DE,3,False,True
b927fcb55d,DE,1,True,True
8089fd0f55,DE,1,True,True
911df639a0,DE,1,True,True
719a2f6762,DE,2,True,True
bb43e9c436,DE,1,True,True
c375e40d18,DE,2,False,True
b117a1cc08,DE,1,True,True
fcf122f2f2,DE,2,True,True
f4fd4802c2,DE,1,True,True
721d0ee777,DE,2,True,True
a16abbe786,DE,1,True,True
c1bbb1bcf7,DE,2,False,True
1ad7bc4014,DE,1,True,True
cb9af33d33,DE,1,True,True
23c3ee26d6,DE,1,True,True
a8b2636f7d,DE,1,True,True
b312948647,DE,1,True,True
09cd16f2a2,DE,1,True,True
86d4d5beaf,DE,1,True,True
5526f92e21,DE,1,True,True
7a67836641,DE,1,True,True
5dc5867493,DE,1,True,True
7d302cb913,DE,1,True,True
83bd3bba3e,DE,1,True,True
1fb55aac7b,DE,1,True,True
fdba877a45,DE,2,False,True
eeb38cf478,DE,1,True,True
1f12aa6055,DE,2,False,True
a003ea9faf,DE,1,True,True
93f5d71a80,DE,1,True,True
b6c611027c,DE,1,True,True
761fdc3a6f,DE,1,True,True
56d5fb8f87,DE,1,True,True
4918c9b13f,DE,1,True,True
19a7f3e3b7,DE,1,True,True
ec15029085,DE,1,True,True
955e28f710,DE,1,True,True
5d652a9394,DE,1,True,True
9796072733,DE,3,False,True
8799623d50,DE,3,False,True
60da9937f8,DE,1,True,True
bf783b8003,DE,1,True,True
41e5dfe850,DE,1,True,True
b8b27d5be7,DE,1,True,True
dd19b84a76,DE,1,False,False
3d9863f751,DE,1,True,True
c666d8d548,DE,1,True,True
46bc8b3fee,DE,3,False,True
036ded7e98,DE,2,False,True
160de53afe,DE,1,True,True
76e1d46a9b,DE,4,False,True
9ac74d070e,DE,4,False,True
ffb5e026aa,DE,2,False,True
396cd06408,DE,3,False,True
35be43d962,DE,2,True,True
1c0bcbe437,DE,1,True,True
5c1efbb25b,DE,1,True,True
aea9609fed,DE,2,True,True
e6dd36e6cf,DE,1,True,True
bca50d04fd,DE,2,False,True
45a3738562,DE,1,True,True
d5d15cdf78,DE,1,True,True
9eb178769e,DE,1,True,True
3e1ca5e5b9,DE,1,True,True
d426d39b10,DE,1,True,True
4a230f7ec1,DE,1,True,True
844e750263,DE,3,False,True
d5db69aa7b,DE,1,True,True
5add33e297,DE,2,True,True
77eccb2cac,DE,2,False,True
bff46b86ff,DE,2,False,True
8428c3a4a8,DE,1,True,True
95a79f1204,DE,1,True,True
7138ccc842,DE,1,True,True
5928649c95,DE,1,True,True
2dbe7159a0,DE,2,True,True
04fc300679,DE,1,True,True
d3fcd9cd19,DE,1,True,True
b62f8b6d62,DE,1,True,True
fe5753135c,DE,1,True,True
2306c90b06,DE,4,False,True
56f0645336,DE,1,True,True
b01679b5ee,DE,2,False,True
46ece76d5e,DE,1,True,True
d0ea9879d6,DE,3,False,True
bb243090d6,DE,2,True,True
1f54b4605c,DE,3,False,True
6bbb111eed,DE,1,True,True
ab9624afbe,DE,1,True,True
fcb4d35756,DE,1,True,True
abf1ecb9e0,DE,1,True,True
6d022296df,DE,1,True,True
7489ac4f57,DE,1,True,True
b1afab6acc,DE,1,True,True
9d94a890eb,DE,4,False,False
8db127fcbb,DE,1,True,True
7a01937553,DE,2,False,True
29be9ed9c9,DE,1,True,True
318f9e6d28,DE,1,False,False
5f29666a79,DE,1,True,True
a0b0d15528,DE,1,True,True
5df3a0b353,DE,1,True,True
7892a8e5d1,DE,2,True,True
6ebb75b02e,DE,1,True,True
7a0ca6c2ca,DE,2,False,True
290a3bd886,DE,2,False,True
4344425804,DE,1,True,True
78edd93604,DE,1,True,True
0143873994,DE,1,True,True
224a1f7682,DE,3,False,True
92d1741b9b,DK,1,True,True
ffd9042c61,DK,1,True,True
8591ea59d9,DK,1,True,True
5b5f50d0fc,DK,1,True,True
b8c7565e6f,DK,1,True,True
078944cf2e,DK,1,True,True
6b696d5d35,DK,1,True,True
efc0a98e2f,DK,1,True,True
689dbf3ef1,DK,1,True,True
fa55095002,DK,1,True,True
15f62d66af,DK,1,True,True
d88d82c1b7,DK,1,True,True
b6c4d3c75e,DK,1,True,True
e16f8f76cb,DK,1,True,True
39b219d922,DK,1,True,True
f89fa6d9ea,DK,1,True,True
b5f6a683ad,DK,1,True,True
3a92c33d33,DK,1,True,True
6a659f8abf,DK,1,True,True
4aa88871db,DK,1,True,True
f363d6cf54,DK,1,True,True
e08607b687,DK,1,True,True
13443f7bb2,DK,1,True,True
1a7564541f,DK,1,True,True
7807615535,DK,1,True,True
ea34899bce,DK,1,True,True
7e8e0cd1e6,DK,1,True,True
ecd23da9a9,DK,1,True,True
9e63840fa1,DK,1,True,True
a5c38704be,DK,1,True,True
dc3b2e77e1,DK,1,True,True
16e2948508,DK,1,True,True
8d75895eb0,DK,1,True,True
30d5b7b4ed,DK,1,True,True
0e5809766e,DK,1,True,True
663aef6cf7,DK,1,True,True
a5a853d326,DK,1,True,True
8ac276f7b6,DK,1,True,True
e1a53d4802,DK,1,True,True
1cde06cadd,DK,1,True,True
d0660da785,DK,1,True,True
76724d4ce0,DK,1,True,True
77b4e68c7d,DK,1,True,True
949d18308c,DK,1,True,True
0c3c5bf40a,DK,1,True,True
655969177a,DK,1,True,True
dffeb00ef1,DK,1,True,True
d16729febe,DK,1,True,True
b2a6ade8d0,DK,1,True,True
439901109a,DK,1,True,True
c3f09dc590,DK,1,True,True
4f9c1a139f,DK,1,True,True
a1429db15e,DK,1,True,True
05f91d075d,DK,1,True,True
3280ff06c4,DK,1,True,True
f93ea2e4d2,DK,1,True,True
0d259dd415,DK,1,True,True
3befb0a248,DK,1,True,True
dd69875303,DK,1,True,True
0a5f86aba6,DK,1,True,True
ecfbe10d42,DK,1,True,True
9421d85d08,DK,1,True,True
6b54609067,DK,1,True,True
02d6175561,DK,1,True,True
265f682452,DK,1,True,True
fd7b836077,DK,1,True,True
1c8968d71d,DK,1,True,True
7e657fe7ea,DK,1,True,True
dde98fe0a3,DK,1,True,True
c4c3642177,DK,1,True,True
b7625c61b9,DK,1,True,True
6ea30a1c41,DK,1,True,True
4744ed82c1,DK,1,True,True
df6eb969a2,DK,1,True,True
4c29bc4bc8,DK,1,True,True
905a0dbdc2,DK,1,True,True
2257ff8655,DK,1,True,True
3cbd4639b6,DK,1,True,True
8d4b8c4699,DK,1,True,True
1a36c84507,DK,1,True,True
4fc71bf4a8,DK,1,True,True
2ead7ca09f,DK,1,True,True
3a26102160,EE,1,True,True
f0f375ddad,EE,1,True,True
cd3ef8ef70,EE,1,True,True
5b40dc37a5,EE,1,True,True
b650ca7405,EE,1,True,True
0837d215b1,EE,1,True,True
ded6e047db,ES,1,True,True
b4a153a36a,ES,1,True,True
50a9b2fd9e,ES,1,True,True
e841dfe78d,ES,1,True,True
8d687b8359,ES,1,True,True
850c52a042,ES,1,True,True
19f4f65960,ES,1,True,True
8b17e6b05a,ES,1,True,True
0943fe848b,ES,1,True,True
a79f00943b,ES,1,True,True
96371125b0,ES,1,True,True
24c251d1c1,ES,1,True,True
a2f88499b3,ES,1,True,True
e8347e29ec,ES,1,True,True
113d1a310d,ES,1,False,False
08703d1c14,ES,1,True,True
869ee63306,ES,1,True,True
96d8e4dbfa,ES,1,True,True
354fff773f,ES,1,True,True
1432ab75e5,ES,1,True,True
9699fa2328,ES,1,True,True
d9d868c8c8,ES,1,True,True
4e3461b674,ES,1,True,True
b1950cf835,ES,1,True,True
705e27a491,ES,1,True,True
ed6ed8a131,ES,1,True,True
a84e92f9b9,ES,1,True,True
c805a3220d,ES,1,True,True
e78cce4ad1,ES,1,True,True
b29071011c,ES,1,True,True
1465339f28,ES,1,True,True
bfa2d4d858,ES,1,True,True
c8df524cb7,ES,1,True,True
e7740754fb,ES,1,True,True
9da937902f,ES,1,True,True
f6eb93c528,ES,1,True,True
e3d0c831e4,ES,1,True,True
8b9ef85e74,ES,1,True,True
77a38bf09a,ES,1,True,True
c70249d927,ES,1,True,True
4a1ff5a00d,ES,1,True,True
9665c62d17,ES,1,True,True
4365965025,ES,1,True,True
7b9281dbb9,ES,1,True,True
faac31f55f,ES,1,True,True
afb0c361a0,ES,1,True,True
407e6c8aef,ES,1,True,True
b3266418b3,ES,1,False,False
92b5e82b78,ES,1,True,True
25a4b7ac5f,ES,1,True,True
3355e76c32,ES,1,True,True
61e7791f8c,ES,1,True,True
bef7337769,ES,1,True,True
02eee343d5,ES,1,True,True
c651d4e0f4,ES,1,True,True
7fe98109f9,ES,1,False,False
64827bd23c,ES,1,True,True
8337d20fd2,ES,1,True,True
db804ed157,ES,1,True,True
072fa54928,ES,1,True,True
9f941b5378,ES,1,True,True
9e97eb55b9,ES,1,True,True
6584d745a9,ES,1,True,True
b1921baca9,ES,1,True,True
efffd7f3c6,ES,1,True,True
f69c0a3b61,ES,1,True,True
9bd5b76f58,ES,1,True,True
90553dc4de,ES,1,True,True
1637c40587,ES,1,True,True
2c4fe20f72,ES,1,True,True
f583d9f187,FI,1,True,True
fad10aee7a,FI,1,True,True
6a3c749dfc,FI,1,True,True
ef9447b148,FI,1,True,True
cb1111c01b,FI,1,True,True
281226ebd8,FI,1,True,True
9e9d18b2cf,FI,1,True,True
409c55d4a2,FI,1,True,True
a4a59ecf2b,FI,1,True,True
11eb5c0df8,FI,1,True,True
d5236c8fe3,FI,1,True,True
a199da166b,FI,1,True,True
0d4c788420,FI,1,True,True
d038194ef5,FI,1,True,True
494eeac13e,FI,1,True,True
3d4e31f341,FI,1,True,True
8452573a2d,FI,1,True,True
d62145407d,FI,1,True,True
9f2b05dfb3,FI,1,True,True
5d939a603d,FI,1,True,True
96fc1682b9,FI,1,True,True
a3366974ea,FI,1,True,True
86fb5fbde8,FI,1,True,True
56339864ac,FI,1,False,False
a177c260f3,FI,1,True,True
955055cdb2,FI,1,True,True
110e8e51b2,FI,1,True,True
2cb3599c23,FI,1,True,True
87eeffc2fb,FI,1,True,True
950c5a0682,FI,1,True,True
b3edb55961,FI,1,True,True
e86382bb31,FI,1,True,True
5bbaee64de,FI,1,True,True
eba51a8abc,FI,1,True,True
595364a982,FI,1,True,True
93af097b68,FI,1,True,True
4740288a0f,FI,1,True,True
954c4cf2c7,FI,1,True,True
8bfadc5ca9,FI,1,True,True
12a5cde965,FI,1,True,True
8c0207a825,FI,1,True,True
701a7faa53,FI,1,True,True
d20e9bf983,FI,1,True,True
9f21df9892,FI,1,True,True
0e3ce7ffcd,FI,1,True,True
76b6688b45,FI,1,True,True
5bc2092286,FI,1,True,True
52f185874f,FI,1,True,True
c63a15a7c3,FI,1,True,True
b6ab384192,FI,1,True,True
150e662463,FI,1,True,True
d5f6e2b137,FI,1,True,True
9af8d6f54c,FI,1,True,True
f5a2cdf983,FI,1,True,True
5c6358e8ca,FI,1,True,True
1e6220a63b,FI,1,True,True
5f03cc41d6,FI,1,True,True
b6874b9ebb,FI,1,True,True
f078cf917c,FI,1,True,True
262fa24b83,FI,2,True,True
2f77832481,FI,1,True,True
bf9773fa2e,FI,1,True,True
cb3ec57599,FI,1,True,True
7c2adf10f8,FI,1,True,True
bfa0ead20a,FI,1,True,True
4dbc3121fb,FI,1,True,True
afa6c81c50,FI,1,True,True
f4da27bbf2,FI,1,True,True
ed28bdca94,FI,1,True,True
1364e53f83,FI,1,True,True
06395e0269,FI,1,True,True
4868cb1c67,FI,1,True,True
083a5a24a7,FI,1,True,True
3b3078c799,FI,1,True,True
b51fb01b18,FI,1,True,True
9acf0c0b4b,FI,1,True,True
a1a2da801b,FI,1,True,True
5a685d1cb6,FI,1,True,True
897c8bf224,FI,1,True,True
2fa98a8d0e,FI,1,True,True
9785b93eae,FI,1,True,True
0035410968,FI,1,True,True
1a3ee397e0,FI,1,True,True
98d437b5a8,FI,1,True,True
bb8c616d11,FI,1,True,True
676c5712d1,FI,1,True,True
9db7f06aca,FI,1,True,True
534ae9b90e,FI,1,True,True
895992c402,FI,1,True,True
92de1c33f6,FI,1,True,True
0b96e68196,FI,1,True,True
7190d58c7d,FI,1,True,True
f0ed87670b,FI,1,True,True
7c73237d95,FI,1,True,True
bf4d8832eb,FI,1,True,True
79a0146fa7,FI,1,True,True
298468200d,FI,1,True,True
a592a79e94,FI,1,True,True
03861d4085,FI,1,True,True
049217dcc3,FI,1,True,True
6caac39e7d,FI,1,True,True
a40d0f166f,FI,1,True,True
06bc24fa61,FI,1,True,True
61c8e7a120,FI,1,True,True
8b561fc7e5,FI,1,True,True
a79e9d95cf,FI,1,True,True
5e23895c63,FI,1,True,True
00076c776e,FI,1,True,True
9226585e14,FI,1,True,True
d7272c152e,FI,1,True,True
0189b0db9f,FI,1,True,True
6b2ae4b2f9,FI,1,True,True
bd5ca08f63,FI,1,True,True
b376ce379c,FI,1,True,True
5c4e1ebdfb,FI,1,True,True
010937a0f6,FI,1,True,True
a86e3201fd,FI,1,True,True
1781d064fc,FI,1,True,True
8350fd7574,FI,1,True,True
516e4a20c1,FI,1,True,True
bb777a5346,FR,1,True,True
34cf20dc41,FR,1,True,True
207c673e8d,FR,1,True,True
14f3de8445,FR,1,True,True
884b7b5107,FR,1,True,True
c8f7658138,FR,1,True,True
3c40cafced,FR,1,True,True
bbaff99ee8,FR,1,True,True
a64dc2c3b7,FR,1,True,True
48c10ad653,FR,1,True,True
2f0f0f9519,FR,1,True,True
dc69aa239f,FR,1,True,True
6369b67998,FR,1,True,True
905201d69a,FR,1,True,True
58a9d080e9,FR,1,True,True
f37c68ece4,FR,1,True,True
86b49b6436,FR,1,True,True
acd7f0af90,FR,1,True,True
c7e2eb0685,FR,1,False,False
a76f35ba91,FR,1,True,True
b915082961,FR,1,True,True
beed5f080c,FR,1,True,True
da6ff27017,FR,1,True,True
86306a4965,FR,1,True,True
4435b23ce9,GR,1,True,True
eef9a2451b,HR,1,True,True
d889b7d454,HR,1,True,True
396f072b89,HR,1,True,True
b95fcdbd0d,HR,1,True,True
3ef63599c0,HR,1,True,True
2687ca7334,HR,1,True,True
0da3ea8e05,HR,1,True,True
48f4321888,HR,1,True,True
6339b3afb9,HR,1,True,True
cfdb6cebb5,HR,1,True,True
aed2a43e32,HR,1,True,True
482cf01f21,HR,1,True,True
ed0f351feb,HR,1,True,True
5a023a8fed,HR,1,True,True
7e9cd41bd5,HR,1,True,True
1bc62edbcb,HR,1,True,True
4f102f4731,HR,1,True,True
8baf047b17,HR,1,True,True
c0a03dc17e,HR,1,True,True
68475e57a7,HR,1,True,True
2bef22da1e,HR,1,True,True
6af10ca010,HR,1,True,True
7b0412a9da,HR,1,True,True
e74c405f09,HR,1,True,True
db519d7713,HR,1,True,True
b5e86aeb58,HR,1,True,True
ce78e74a47,HR,1,True,True
a8e0cce108,HR,1,True,True
6104f609f4,HR,1,True,True
8dc8860289,HR,1,True,True
7a0b04e402,HR,1,True,True
ac099b2017,HR,1,True,True
5e7a035e1c,HR,1,True,True
9251367529,HR,1,True,True
9413a6de3f,HR,1,True,True
af6fd8c737,HR,1,True,True
073e947edb,HR,1,True,True
eacf3d7689,HR,1,True,True
02b1d4d457,HR,1,True,True
d9df29f9e0,HR,1,True,True
26b07e9ad0,HR,1,True,True
af598b08d6,HR,1,True,True
6e6d9bdd6a,HU,1,True,True
1eb3893c6f,HU,1,True,True
987b4a1745,HU,1,True,True
4811d7d510,HU,1,True,True
6b47edce8b,HU,1,True,True
a778a84332,HU,1,True,True
65ccbf41cf,HU,1,True,True
76e6b75187,HU,1,True,True
4db640aa40,IE,1,True,True
5676b42983,IE,1,True,True
23df2a4ef7,IE,1,False,False
0cadd4571b,IE,1,True,True
65e653ee11,IE,1,True,True
0630e7b869,IE,1,True,True
e4ed130615,IE,1,True,True
721874b2aa,IE,1,True,True
ebdcfa576c,IE,1,True,True
0da240aeae,IE,1,False,False
a1f2c3308c,IE,1,True,True
21481cfe05,IE,1,True,True
01084c5c58,IE,1,True,True
d0a5c012b7,IE,1,True,True
ff471a8ecd,IE,1,True,True
7e0cd7dac2,IE,1,True,True
a34834e681,IE,1,True,True
c63f137d86,IT,1,True,True
e882b3393b,IT,1,True,True
18401d19bd,IT,1,True,True
f1155ce64d,IT,1,True,True
5c1c3ee8f0,IT,1,True,True
83ad111e9d,IT,1,True,True
7a6358396a,IT,1,True,True
a04786e98a,IT,1,True,True
94d5e5b5f8,IT,1,True,True
2025b1f742,IT,1,True,True
5f3f10f9e5,IT,1,True,True
337db5fe19,IT,1,True,True
ad01e52db7,IT,1,True,True
e42de85aa6,IT,1,True,True
45d3a1dfdd,IT,1,True,True
80abde1c04,IT,1,True,True
0b80cd82f6,IT,1,True,True
4f531baf09,IT,1,True,True
3b34906eed,IT,1,True,True
aa48edb00b,IT,1,True,True
29abbf8d2c,IT,1,True,True
30b0e30bb6,IT,1,True,True
672dc21412,IT,1,True,True
df67c12377,IT,1,True,True
bc8c7c673f,IT,1,True,True
6e75a15807,IT,1,True,True
35be3629fa,IT,1,True,True
c90f003f59,IT,1,True,True
67ee52357e,IT,1,True,True
343af9adfc,IT,1,True,True
4cefecd801,IT,1,True,True
baf906d1ac,IT,1,True,True
42b6c1ed92,IT,1,True,True
24045673be,IT,1,True,True
f1cfca5a7a,IT,1,True,True
ea5277ca38,IT,1,True,True
dd763eb5a5,IT,1,True,True
1680d59f9c,IT,1,True,True
ca83c7b9e7,IT,1,True,True
b4388b09ee,IT,1,True,True
9d21f52a3a,IT,1,True,True
d71b5fb43c,IT,1,True,True
4ba6a27bd2,IT,1,True,True
f921d466b2,IT,1,True,True
5f321edb77,IT,1,True,True
a4ecb1d1c6,IT,1,True,True
6ac50a2a48,IT,1,True,True
6e88955bc4,IT,1,True,True
86fe3a649f,IT,1,True,True
5428496d9e,IT,1,True,True
7a08965bca,IT,1,True,True
39b34ff651,IT,2,True,True
7ddef2f615,IT,1,True,True
31856cd066,IT,1,True,True
dde1ab7d46,IT,1,True,True
015ebd1945,IT,1,True,True
8647826adf,IT,1,True,True
f57d0e6a16,IT,1,True,True
51bd873784,IT,1,True,True
5b5ed94698,IT,1,True,True
72539eafa8,IT,1,True,True
4fffe21fab,IT,1,True,True
ffb0252a39,IT,1,True,True
20d31acfbb,IT,1,True,True
8901854a11,IT,1,True,True
d13ff1c4b5,IT,1,True,True
2db1dc7eae,IT,1,True,True
053ac46c3b,IT,1,True,True
03d265e9c9,IT,1,True,True
39f5f8f37d,IT,1,True,True
b41e5c733f,IT,1,True,True
abbe41caa7,IT,1,True,True
a0d0f09690,IT,1,False,False
789b61b90d,IT,1,True,True
cb3739c8f0,IT,1,True,True
f2a020dba3,IT,1,True,True
36c3a71829,IT,1,True,True
3905bcffce,IT,1,True,True
98515f2d60,IT,1,True,True
f0b80fc03a,IT,1,True,True
8bcdbac9cb,IT,1,True,True
a266185336,IT,1,True,True
518fb405af,IT,1,True,True
923a9e4e9f,IT,1,True,True
74e756cc89,IT,1,True,True
9a8899f703,IT,1,True,True
54d2cbc46f,IT,1,True,True
ad2c9b1005,IT,1,True,True
d2e9023c4f,IT,1,True,True
74390e12f2,IT,1,True,True
3e96c60144,IT,1,True,True
523b3133d1,IT,1,True,True
d0d2d8a7f7,IT,1,True,True
059716a348,IT,1,True,True
7155675588,IT,1,True,True
bbec0e9338,IT,1,True,True
74736f301a,IT,1,True,True
30e9a7a616,IT,1,True,True
c4bd5d65ac,IT,1,True,True
6ec6df3f23,IT,1,True,True
f0c10a4c33,IT,1,True,True
e0d05927b1,IT,1,True,True
e6c86b04bf,IT,1,True,True
115bca99f8,IT,1,True,True
b1c227c972,IT,1,True,True
30ec97a672,IT,1,True,True
1017ba386a,IT,1,True,True
fdbbd54140,IT,1,True,True
9eb837ac8f,IT,1,True,True
36d8d813e7,IT,1,True,True
41c0d5ec5a,IT,1,True,True
12c2c88095,IT,1,True,True
3a461edfbb,IT,1,True,True
93f82ba234,IT,1,True,True
79be4031f3,IT,1,True,True
d53c65df5d,IT,1,True,True
f6f60df929,IT,1,True,True
3a018fef94,IT,1,True,True
46f0c4be04,IT,1,True,True
8edae2221e,IT,1,True,True
bef55ffded,IT,1,True,True
8e4c6901c3,IT,1,True,True
4069885336,IT,1,True,True
88606594cf,IT,1,True,True
7f473a7642,IT,1,True,True
c3bc656d84,IT,1,True,True
914e5b71eb,IT,1,True,True
32c45b9276,IT,1,True,True
11b4743f98,IT,1,True,True
c08a8a2f2e,IT,1,True,True
01b384f686,IT,1,True,True
64a82595ba,IT,1,True,True
4958aec14d,IT,1,True,True
ca3f9e2ca0,IT,1,True,True
9ef4c88dd2,IT,1,True,True
bed22119ad,IT,1,True,True
e9e12376e2,IT,1,True,True
09628ba5e3,IT,1,True,True
92f34101ca,IT,1,True,True
57e6b0e983,IT,1,True,True
d08c399662,IT,1,True,True
ad2e0ad48c,IT,1,True,True
0864966d25,IT,1,True,True
d95314c900,IT,1,True,True
c80acca145,IT,1,True,True
1d1357cb4f,IT,1,True,True
ecb101a0f1,IT,1,True,True
13b97b55d0,IT,1,True,True
89c0f95b32,IT,1,True,True
1c413a4eda,IT,1,True,True
7cc01c6af1,IT,1,True,True
35d5dc1cff,IT,1,True,True
1fbf0dc5ab,IT,1,True,True
323aa7b6b4,IT,1,True,True
d518dfd257,IT,1,True,True
4f331a4146,IT,1,True,True
a14d1b9b90,IT,1,True,True
a1059eb5f7,IT,1,True,True
60e6693ffb,IT,1,True,True
e1448f4715,IT,1,True,True
b526969015,IT,1,True,True
7b2c9a5950,IT,1,True,True
b2a2a76f91,IT,1,True,True
7555027a72,IT,1,True,True
de4bf2fa7e,IT,1,True,True
edcdd73df9,IT,1,True,True
d0e074f024,IT,1,True,True
71da8bc442,IT,1,True,True
0c4222286c,IT,1,True,True
a82d77bef3,IT,1,True,True
0820fd9d82,IT,1,True,True
4145b83cb9,IT,1,True,True
4e54bef79f,IT,1,True,True
65a32312e1,IT,1,True,True
a603b223c7,IT,1,True,True
5019c65a23,IT,1,True,True
8f7e34b941,IT,1,True,True
097cc0ec76,IT,1,True,True
48d80a43d0,IT,1,True,True
0dbaf86a8d,IT,1,True,True
4244d4c85c,IT,1,True,True
424909789a,IT,1,True,True
cd645f8cdc,IT,1,True,True
107625affd,IT,1,True,True
106afae8e8,IT,1,True,True
06c540b398,IT,1,True,True
cc8c57cfd8,IT,1,True,True
df76307334,IT,1,True,True
3d0782bfba,IT,1,True,True
ecb33f78e1,IT,1,True,True
519bcaba83,IT,1,True,True
90282a20ea,IT,1,True,True
26899ed93c,IT,1,True,True
5891d0bc71,IT,1,True,True
c655c9e636,IT,1,True,True
07640cd434,IT,1,True,True
ad1c5f84a4,IT,1,True,True
895b6ab6a0,IT,1,True,True
8fad480e68,IT,1,True,True
9d0dd4fcb6,IT,1,True,True
53f2ebe562,IT,1,True,True
350634ffa0,IT,1,True,True
60aa44dc60,IT,1,True,True
f1e71be3fb,IT,1,True,True
adac5f757e,IT,1,True,True
65df2f9555,IT,1,True,True
ede26a5f7a,IT,1,True,True
ad694bd15b,IT,1,True,True
88d109d5fd,IT,1,True,True
838a18a621,IT,1,True,True
ab08d6ea43,IT,1,True,True
11403b7b3d,IT,1,True,True
4ae3d4f32e,IT,1,True,True
5de1a45e29,IT,1,True,True
fc24912fde,IT,1,True,True
3729b11b2a,IT,1,True,True
43c0aea6dd,IT,1,True,True
a1bc7ffeae,IT,1,True,True
38a1468ecf,IT,1,True,True
44b67b523b,IT,1,True,True
5dba4a9cfb,IT,1,True,True
471c4ba26c,IT,1,True,True
d2ad26bd98,IT,1,True,True
494f5abdd6,IT,1,True,True
0b791da691,IT,1,True,True
10cc242c0c,IT,1,False,False
85b2ebdf16,IT,1,True,True
4b5bbef9f3,IT,1,True,True
8015a219f0,IT,1,True,True
7dcecff3a3,IT,1,True,True
0f9e6873b1,IT,1,True,True
311eac4272,IT,1,True,True
c9320c08ef,IT,1,True,True
7ca0188cef,IT,1,True,True
813535b8d9,IT,1,True,True
afa743014d,IT,1,True,True
1f7dfcb84d,IT,1,True,True
8e29e2498c,IT,1,True,True
f854643707,IT,1,True,True
79bc0576b8,IT,1,True,True
1fa471baf2,IT,1,True,True
7d1c7a69e4,IT,1,True,True
0090bb658f,IT,1,True,True
9d28a771d6,IT,1,True,True
70da4357c2,IT,1,True,True
af0a7ee737,IT,1,True,True
90745ce7f5,IT,1,True,True
537d380dda,IT,1,True,True
06429b9a6d,IT,1,True,True
0b09b6f828,IT,1,True,True
5f342e7d58,IT,1,True,True
0c861ba099,IT,1,True,True
97df3e075d,IT,1,True,True
e8d0e3853c,IT,1,True,True
1cb6d58731,IT,1,True,True
e4640269b7,IT,1,True,True
cb96e40f9b,IT,1,True,True
28b73496ac,IT,1,True,True
f67006a5a0,IT,1,True,True
699942a0e3,IT,1,True,True
963be3a099,IT,1,True,True
06e2af57ab,IT,1,True,True
12744ad4a8,IT,1,True,True
b3f64d283e,IT,1,True,True
f93e888ca1,IT,1,True,True
ebaa56d781,IT,1,True,True
f3171c0b5c,IT,1,True,True
44bb1fd5e5,IT,1,True,True
5e2004b3ce,IT,1,True,True
f7b20c5e7f,IT,1,True,True
a0d7121694,IT,1,True,True
e409305078,IT,1,True,True
a64197b623,IT,1,True,True
7b42806ed8,IT,1,True,True
3ab13a8d0a,IT,1,True,True
c45ea4c42c,IT,1,True,True
f2d38c6be1,IT,1,True,True
02b7829c72,IT,1,True,True
6ec4dacde6,IT,1,True,True
6574ea80af,IT,1,True,True
1e5fe47772,IT,1,True,True
e0d8e25563,IT,1,True,True
0542fe4fd7,IT,1,True,True
b2cfa73769,IT,1,True,True
967c22136c,IT,1,True,True
bbe5166e0d,IT,1,True,True
652bf2d4af,IT,1,True,True
699ca786bd,IT,1,True,True
acb4ab9cea,IT,1,True,True
3e01f0d437,IT,1,True,True
d8b04eb13a,IT,1,True,True
b190e3f86b,IT,1,True,True
8d4ca44f71,IT,1,True,True
cfd1655b44,IT,1,True,True
7d15ee7f0b,IT,1,True,True
986dc05021,IT,1,True,True
74abb847c8,IT,1,True,True
f922b173d3,IT,1,True,True
5e3e9e93fb,IT,1,True,True
8122f63c02,IT,1,True,True
866e62523d,IT,1,True,True
e495d0b00d,IT,1,True,True
e7cbe021a8,IT,1,True,True
b8a04fe7d2,IT,1,True,True
f6014052dd,IT,1,True,True
4a874a7071,IT,1,True,True
55eacc7af7,IT,1,True,True
ba091ba3f6,IT,1,True,True
1d7fb461e7,IT,1,True,True
79ad6bd4d9,IT,1,True,True
319d4ff93a,IT,1,True,True
b49b8fc9b0,IT,1,True,True
56570b1fee,IT,1,True,True
64edb72d8b,IT,1,True,True
773e11ad7b,IT,1,True,True
76d5808b6c,IT,1,True,True
3190b76311,IT,1,True,True
fc6e5ae8d5,IT,1,True,True
4dca532b10,IT,1,True,True
529c3d6d8d,IT,1,True,True
7cd3b93e0a,IT,1,True,True
4c071a5d69,IT,1,True,True
a064d05b07,IT,1,True,True
9bf26b9b20,IT,1,True,True
0ba94e7fa2,IT,1,True,True
017780e2f6,IT,1,True,True
952c71f960,IT,1,True,True
2e83859027,IT,1,True,True
8893ce31e7,IT,1,True,True
3cc555292f,IT,1,True,True
76ca755d20,IT,1,True,True
c1238a3676,IT,1,True,True
db1a640d75,IT,1,True,True
02700bc0cb,IT,1,True,True
44c3c515f2,IT,1,True,True
450967e29c,IT,1,True,True
ff0ac84561,IT,1,True,True
444d2ea248,IT,1,True,True
1959d0dc7d,IT,1,True,True
80dd779d21,IT,1,True,True
632a4aeedf,IT,1,True,True
5e0d8cbf24,IT,1,True,True
7dbad37169,IT,1,True,True
34ad928f45,IT,1,True,True
72a84f3abe,IT,1,True,True
21f938d4bb,IT,1,True,True
9523c07991,IT,1,True,True
47ba4079f2,IT,1,True,True
1ec5371af4,LI,1,True,True
08ec34d838,LI,1,True,True
c2542755f1,LT,1,True,True
e621642607,LT,1,True,True
fa24fe5ad8,LT,1,True,True
292136e4f9,LT,1,True,True
b3d4e49c9e,LU,1,True,True
2c62276d5a,LU,1,True,True
0488819647,LU,1,True,True
95a0caaa73,LU,1,True,True
0c4631d2fb,LU,1,True,True
1f404b894f,LU,1,True,True
75e5f26b5c,LU,1,True,True
e812714d2c,LU,1,True,True
6a8ba75dc3,LU,1,True,True
99fea8720e,LU,1,True,True
2337d4239a,LU,1,True,True
831cd32f80,LU,1,True,True
bc7817f49d,LV,1,True,True
2ed6a02c59,MT,1,True,True
9f41d530a9,MT,1,True,True
8b17d02bc0,MT,1,True,True
e9516b5888,MT,1,True,True
928dbc2bbe,MT,1,True,True
fef2479e4b,MT,1,True,True
504c753602,MT,1,True,True
d20b368a23,MT,1,True,True
7476904918,MT,1,True,True
119c124ba7,MT,1,True,True
5ee061477c,MT,1,True,True
61f99b1275,MT,1,True,True
73e7554590,NL,1,True,True
91be90c034,NL,1,True,True
eabdb225ca,NL,1,True,True
7f02584fbc,NL,1,True,True
924fa3ad06,NL,1,True,True
05b7f6159c,NL,1,True,True
844e49b82d,NL,1,True,True
f3277f8410,NL,1,True,True
95d857d65b,NL,1,True,True
b5815832e3,NL,1,True,True
07a64ffd44,NL,1,True,True
a2a352ad9e,NL,1,True,True
cf81941a7d,NL,1,True,True
8ce1db7b3f,NL,1,True,True
64a3cd8ca8,NL,1,True,True
1b7c4413a3,NL,1,True,True
dace82609b,NL,1,True,True
8c17e9d7e5,NL,1,True,True
6531a1f824,NL,1,True,True
ae1e5fbeed,NL,1,True,True
7f213ba5f2,NL,1,True,True
eb5496bf5b,NL,1,True,True
af0ad30974,NL,1,True,True
d051c86863,NL,1,True,True
6e74b86e70,NL,1,True,True
ad98b6e9f3,NL,1,True,True
a28d4f4a49,NL,1,True,True
8a8f9a4094,NL,1,True,True
1fd0784179,NL,1,True,True
d73d73b785,NL,1,True,True
e880a69e33,NL,1,True,True
cf4408a106,NL,1,True,True
3c455a411b,NL,1,True,True
32a46a4a86,NL,1,True,True
4f558c36b6,NL,1,True,True
a726453947,NL,1,True,True
6c209ce054,NL,1,True,True
c2a2fdce7b,NL,1,True,True
dfb94b7464,NL,1,True,True
2d242c2a19,NL,1,True,True
a40ad62b19,NL,1,True,True
6053726d07,NL,1,True,True
096a83c1fb,NL,1,True,True
1ed5909ab1,NL,1,True,True
edea40b1ed,NL,1,True,True
1dbdde90b9,NL,1,True,True
2ec1fcb62d,NL,1,True,True
72290c242c,NL,1,True,True
3933d7a6f1,NL,1,True,True
e5f1c5e7fa,NL,1,True,True
ba280816d9,NL,1,True,True
ebde5465ee,NL,1,True,True
5b305dbf2e,NL,1,True,True
3574232e0a,NL,1,True,True
27301834a1,NL,1,True,True
a95c236b92,NL,1,True,True
4f36b7a7b5,NL,1,True,True
2c8d4960b0,NL,1,True,True
8eb97daa10,NL,1,True,True
7f24d4dc73,NL,1,True,True
81322bbaa0,NL,1,True,True
50eae2510f,NL,1,True,True
68386a6e5b,NL,1,True,True
31c3e27e85,NL,1,True,True
89b4418b10,NL,1,True,True
823d0c4678,NL,1,True,True
70cfced9bd,NL,1,True,True
8a3a11a796,NL,1,True,True
d94e478ac4,NL,1,True,True
3fca13215e,NL,1,True,True
5d9e715883,NL,1,True,True
2c2e3ede1e,NL,1,True,True
e861653f7b,NL,1,True,True
595d1b260a,NL,1,True,True
5e10d90d06,NL,1,True,True
3872a9c61d,NL,1,True,True
d739abece6,NL,1,True,True
a9bf0f83c4,NL,1,True,True
dca1c054c0,NL,1,True,True
b07f500f35,NL,1,True,True
4f7fd2223a,NL,1,True,True
8ca0633928,NL,1,True,True
08639029b1,NL,1,True,True
2a3567d3e1,NL,1,True,True
0201f841be,NL,1,True,True
278ae2ec06,NL,1,True,True
f96d08a504,NL,1,True,True
34ae6feb8a,NL,1,True,True
2830bc2ce0,NL,1,True,True
0aaab59114,NL,1,True,True
6264439675,NL,1,True,True
190ca96122,NL,1,True,True
e9a3d88459,NL,1,True,True
04ba860d33,NL,1,True,True
637def53e3,NL,1,True,True
64a5faff58,NL,1,True,True
2df1062f20,NL,1,True,True
14a4e3585b,NL,1,True,True
b69f74e233,NL,1,True,True
6eb0e9006c,NL,1,True,True
e0134bbdc0,NL,1,True,True
69af0cb977,NL,1,True,True
75e4a39c36,NL,1,True,True
352b30f511,NL,1,True,True
157ec87c6d,NL,1,True,True
4543645426,NL,1,True,True
638e39d5cc,NL,1,True,True
b3d9283cf8,NL,1,True,True
8a8edee71d,NL,1,True,True
10875430b5,NL,1,True,True
a9d136d157,NL,1,True,True
39c2180bc9,NL,1,True,True
02a80194fb,NL,1,True,True
8c005acb31,NL,1,True,True
d4f3d3dec3,NL,1,True,True
26929c1bbd,NL,1,True,True
b3535d9c4e,NL,1,True,True
56730ef0fa,NL,1,True,True
99c065edb6,NL,1,True,True
a5bb10d252,NL,1,True,True
61cff014fb,NL,1,True,True
fc383494d5,NL,1,True,True
8e3f07a3cb,NL,1,True,True
311b310099,NL,1,True,True
d7508f057a,NL,1,True,True
052b74b364,NL,1,True,True
4fa19362c1,NL,1,True,True
357989ebd4,NL,1,True,True
aa20487a78,NL,1,True,True
66c193bc6d,NL,1,True,True
736b4621e0,NL,1,True,True
1231156469,NL,1,True,True
973ba494db,NL,1,True,True
a6d4a71161,NL,1,True,True
3dea1c65ef,NL,1,True,True
1dbf16026e,NL,1,True,True
14df91f00b,NL,1,True,True
2a3dff3c75,NL,1,True,True
a11cff6da6,NL,1,True,True
6ce0058352,NL,1,True,True
ddac6e44c3,NL,1,True,True
744786f4a5,NL,1,True,True
4880f5e09d,NL,1,True,True
35c5f7c5e7,NL,1,True,True
01bc8b7fbb,NL,1,True,True
02a9987cea,NL,1,True,True
fe3b34d8ea,NL,1,True,True
c5806eda00,NL,1,True,True
beb9e80f97,NL,1,True,True
b7e2fe821c,NL,1,True,True
998556153b,NL,1,True,True
5c95315dde,NL,1,True,True
b5efe3d345,NL,1,True,True
50911bcc51,NL,1,True,True
59a4c69839,NL,1,True,True
c93617a5e0,NL,1,True,True
526a93a828,NL,1,True,True
3b737b29b7,NL,1,True,True
097c12190b,NL,1,True,True
6368013f42,NL,1,True,True
afc8957090,NL,1,True,True
b0dfcf505b,NL,1,True,True
d80a7273d4,NL,1,True,True
3501f00fac,NL,1,True,True
d17aa9f783,NL,1,True,True
e7e3ac7886,NL,1,True,True
6b775de576,NL,1,True,True
3354b033fc,NL,1,True,True
846cbb1bfd,NL,1,True,True
f2cd61e447,NL,1,True,True
81e4f44e11,NL,1,True,True
a8e0e532e4,NL,1,True,True
dbff317164,NL,1,True,True
feeda2ea95,NL,1,True,True
c60734fd3d,NL,1,True,True
09d631c43e,NL,1,True,True
16f6b9d657,NL,1,True,True
5a8f916c91,NL,1,True,True
1c04dcecf6,NL,1,True,True
e82bdcf729,NL,1,True,True
605bdcd827,NL,1,True,True
e204253da5,NL,1,True,True
3ff9425288,NL,1,True,True
f85fea9d2c,NL,1,True,True
93bc879bf8,NL,1,True,True
9b794edca0,NL,1,True,True
115e922581,NL,1,True,True
5ffb97bb0f,NL,1,True,True
2f1cfd3ecb,NL,1,True,True
f8a3f33986,NL,1,True,True
aa80d41231,NL,1,True,True
cc80a7e726,NL,1,True,True
3130e7b36d,NL,1,True,True
4e40f04519,NL,1,True,True
e41a48d2ae,NL,1,True,True
febbd42c07,NL,1,True,True
62b92a92c1,NL,1,True,True
aa0a6aa359,NL,1,True,True
2b09435b9a,NL,1,True,True
21206f4e29,NL,1,True,True
178d871e69,NL,1,True,True
9b987e338d,NL,1,True,True
27fdff05be,NL,1,True,True
63d61955ad,NL,1,True,True
4083a88ada,NL,1,True,True
95b221aa1c,NL,1,True,True
96facc3ccc,NL,1,True,True
206be5b9a1,NL,1,True,True
71a4115065,NL,1,True,True
4e66e416d1,NL,1,True,True
ac9ff74ff2,NL,1,True,True
be84ba9b3d,NL,1,True,True
43387fd6f7,NL,1,True,True
149bc9d3a8,NL,1,True,True
f8b2e9ffde,NL,1,True,True
e08e11550e,NL,1,True,True
9663a60f76,NL,1,True,True
5f34911471,NL,1,True,True
271d09c06e,NL,1,True,True
1cba8290a7,NL,1,True,True
be1408e88e,NL,1,True,True
8b96857fdb,NL,1,True,True
f3689849cf,NL,1,True,True
81d8a7c0a6,NL,1,True,True
be01f0e97d,NL,1,True,True
fb653d4d61,NL,1,True,True
9d871feab9,NL,1,True,True
afb8a2e52e,NL,1,True,True
c57ee6f12b,NL,1,True,True
61a3d6b54e,NL,1,True,True
114e4a282d,NL,1,True,True
a77be48c08,NL,1,True,True
752cd33ec6,NL,1,True,True
3641a3c0e4,NL,1,True,True
4291fe087b,NL,1,True,True
02e2fbb77a,NL,1,True,True
9649feab3a,NL,1,True,True
da9d06a3ca,NL,1,True,True
c1fb4207fa,NL,1,True,True
10130d4a16,NL,1,True,True
000419405e,NL,1,True,True
9887691858,NL,1,True,True
60815df98f,NL,1,True,True
092a1961f5,NL,1,True,True
2bfbcc1530,NL,1,True,True
16227235b3,NL,1,True,True
710c7915f0,NL,1,True,True
451b72fda4,NL,1,True,True
b2f8600cff,NL,1,True,True
0aec71678e,NL,1,True,True
48bd56e8c4,NL,1,True,True
5720df5691,NL,1,True,True
e05a807cb9,NL,1,True,True
10fc90fff4,NL,1,True,True
6f599977f6,NL,1,True,True
7245cde590,NL,1,True,True
8ed47c72d3,NL,1,True,True
8e8d34fdbc,NL,1,True,True
dfa5147ab0,NL,1,True,True
8f9e3b7a2f,NL,1,True,True
07cea4f13d,NL,1,True,True
5207b4de5e,NL,1,True,True
0ff690883f,NL,1,True,True
dbf4d360f3,NL,2,False,True
b707dcd7d5,NL,1,True,True
652874050e,NL,1,True,True
b2dff65c97,NL,1,True,True
96fb5a381a,NL,1,True,True
19d9664864,NL,1,True,True
a965a6e7f2,NL,1,True,True
bcef085e77,NL,1,True,True
3a7ed7feee,NL,1,True,True
21f7b41cc9,NL,1,True,True
4fbaf88d35,NL,1,True,True
bd9cc8378b,NL,1,True,True
d2600aecb7,NL,1,True,True
bf2f7c8b87,NL,1,True,True
68eda5164a,NL,1,True,True
4a3ed1f41c,NL,1,True,True
0ea29b3980,NL,1,True,True
5179ea2597,NL,1,True,True
25e2f7ea0d,NL,1,True,True
c94e934deb,NL,1,True,True
582f4cce3f,NL,1,True,True
cf5bc97f77,NL,1,True,True
f4971590a6,NL,1,True,True
db237df244,NL,1,True,True
3ee2342f7b,NL,1,True,True
6c665d1043,NL,1,True,True
6b596372bd,NL,1,True,True
89e93eacca,NO,1,True,True
895bb81116,NO,1,True,True
6036bc637b,NO,1,True,True
61f7b12a6a,NO,2,True,True
9011d6f2f8,NO,1,True,True
08778aba9b,NO,1,True,True
8e41c92c52,NO,1,True,True
7897d11be4,NO,1,True,True
70f62f17f4,NO,1,False,False
4a5cf91e68,NO,1,True,True
fc96bc052b,NO,1,True,True
dfc886b7af,NO,1,True,True
8f16fbebe3,NO,1,True,True
eb08dc8621,NO,1,True,True
9c48838041,NO,1,True,True
8c5ea5ded5,NO,1,True,True
2283722cde,NO,1,True,True
c74a5473af,NO,1,True,True
00e10fa0b2,NO,1,True,True
3922a27a96,NO,1,True,True
b0b5e5cf7b,NO,1,True,True
122b870992,NO,1,True,True
3218a249b2,NO,1,True,True
a1b59dea13,NO,1,True,True
2a39e56ea0,NO,1,True,True
d340fabe1b,NO,1,True,True
fa9c4cb7a7,NO,1,True,True
1d49982e8a,NO,1,True,True
a0a89408ce,NO,1,True,True
5dc569f7b7,NO,1,False,False
9fb7eb4a11,NO,1,True,True
b254d70798,NO,1,True,True
f85ec3704e,NO,1,True,True
7e8c22d046,NO,1,True,True
d1e9d02e3e,NO,1,True,True
33b16d78ed,NO,1,True,True
7916aa8d9c,NO,1,True,True
3e973e13a9,NO,1,True,True
a9f3b9295c,NO,1,True,True
03bb605c1c,NO,1,True,True
6766b46b64,NO,1,True,True
843cecde32,NO,1,True,True
0a1ff4ced8,NO,1,True,True
7452e58e78,NO,1,True,True
4faa32487f,NO,1,False,False
bec583174d,NO,1,False,False
5909bab645,NO,1,True,True
e72197c353,NO,1,True,True
f90ce19ee1,NO,1,True,True
74507f19df,NO,1,True,True
1de4f6754b,NO,1,True,True
e0869fd8f7,NO,1,True,True
5a532243e6,NO,1,True,True
a9f600e02f,NO,1,True,True
d44e1e0434,NO,1,True,True
ad0dda8ae2,NO,1,True,True
99b394dd12,NO,1,True,True
e1a568f7d4,NO,1,True,True
c3c608357c,NO,1,True,True
50031f770d,NO,1,False,False
60368feb9c,NO,1,True,True
1109789f02,NO,1,True,True
9d4f6c02fb,NO,1,True,True
beeac971c8,NO,1,True,True
2e1e581343,NO,1,True,True
e1f19d5078,NO,1,True,True
6dbd115876,NO,1,True,True
7b7ca2a3e0,NO,1,True,True
e7c8ed7e81,NO,1,True,True
6fc0309dfc,NO,1,True,True
3b43a352bf,NO,1,True,True
7ea7c39130,NO,1,True,True
62db49073f,NO,1,True,True
0079ce0573,NO,1,True,True
d865fb1215,NO,1,True,True
233936ba91,NO,1,True,True
5b422e18c8,NO,1,True,True
680d933fee,NO,1,True,True
1e653c1efb,NO,1,True,True
f23d2daa8d,NO,1,True,True
521acee4e6,NO,1,True,True
2418397726,NO,1,True,True
b39b653a50,NO,1,True,True
de87889564,NO,1,True,True
4cda34f6b2,NO,1,True,True
5e8dc7c22f,NO,1,True,True
a1afd5e077,NO,1,True,True
d0ec22d36c,NO,1,True,True
613002e1e2,NO,1,True,True
7dae848127,NO,1,True,True
513234c063,NO,1,True,True
26a3ba0fd8,NO,1,True,True
877553e7da,NO,1,True,True
b78d01370a,NO,1,True,True
9ef91c417c,NO,1,True,True
f5e14f5189,NO,1,True,True
0efd4bd381,NO,1,True,True
127ae64ddd,NO,1,True,True
d571f1dcc2,PL,1,True,True
9b9770168a,PL,1,True,True
0525ced818,PL,1,True,True
bd605cfd79,PT,1,True,True
b995856992,PT,1,True,True
ada7ad186f,PT,1,True,True
d4861716bf,PT,1,True,True
1fd4734c5c,PT,1,True,True
b5ba67a7de,PT,1,True,True
9422036455,PT,1,True,True
21be06e244,PT,1,True,True
c2fd25a232,PT,1,True,True
4b3da583d9,PT,1,True,True
b1c56ca846,PT,1,True,True
b19e99a92b,PT,1,True,True
e8ba86b8c6,PT,1,True,True
813521467e,PT,1,True,True
74c7edcb71,PT,1,True,True
a37bf17cca,PT,1,True,True
fe4ee57d80,PT,1,True,True
1d43b3d37d,PT,1,True,True
060e1359d2,PT,1,True,True
6f36d7f042,PT,1,True,True
ede3df90f4,PT,1,True,True
f78bf056ac,PT,1,True,True
461b0ba03e,PT,1,True,True
4003b0a1ea,PT,1,True,True
f79d58f16a,PT,1,True,True
b701dd8986,PT,1,True,True
c599b2fd1e,PT,1,True,True
4932ddf131,PT,1,True,True
5d225c24b6,PT,1,True,True
8773e1ae80,PT,1,True,True
856178e7b4,PT,1,True,True
b165b49ce9,PT,1,True,True
9807189a28,PT,1,True,True
3c2a2c058b,PT,1,True,True
5a3c4fdcfc,PT,1,True,True
ad2b6f4d94,PT,1,True,True
800f4cbf65,PT,1,True,True
92e7a0e2b8,PT,1,True,True
bbe41eabf7,PT,1,True,True
cc980f23be,PT,1,True,True
2af65faf29,PT,1,True,True
e4e6737fba,PT,1,True,True
54f52a5458,PT,1,True,True
0af3d896f6,PT,1,True,True
2fbc3884af,PT,1,True,True
d5fd0cecad,PT,1,True,True
fe3a577306,PT,1,True,True
b323207e60,PT,1,True,True
cd5de768f8,PT,1,True,True
c968de618e,PT,1,True,True
6c35f71b24,PT,1,True,True
93b8580d22,PT,1,True,True
7b9f36da42,PT,1,True,True
77de6d7937,PT,1,True,True
b255509bea,PT,1,True,True
d9516ca4b8,PT,1,True,True
4666510323,PT,1,True,True
fb674a2c6d,PT,1,True,True
6298e31d40,PT,1,True,True
646ef97379,PT,1,True,True
7c0caac79d,PT,1,True,True
ab4c87c57d,PT,1,True,True
a521c5eea0,PT,1,True,True
fe659be8e5,PT,1,True,True
2add117b6a,PT,1,True,True
6a48e2c40c,PT,1,True,True
8a6f97e669,PT,1,True,True
57392de860,PT,1,True,True
dde3b24098,RO,1,True,True
100509b58a,RO,1,True,True
f2c468b4f6,RO,1,True,True
dcec6c4212,RO,1,True,True
2af6286eb9,RO,1,True,True
114299c38a,RO,1,True,True
75cb9e0935,RO,1,True,True
e4faa0cf4c,RO,1,True,True
25fe524363,RO,1,True,True
0137a48672,RO,1,False,False
caaa52ec2f,SE,1,True,True
30de67df1f,SE,1,True,True
c7373146ae,SE,1,True,True
4c60df9412,SE,1,True,True
a75e7f3c52,SE,1,True,True
e6c057fd69,SE,1,True,True
fd86834f8d,SE,1,True,True
966b5b2260,SE,1,True,True
e1421170e1,SE,1,True,True
2a0d2ad097,SE,1,True,True
1b0d9a0f04,SE,1,True,True
dc4e6f2248,SE,1,True,True
942d46106f,SE,1,True,True
61542e5ac6,SE,1,True,True
f988377c4a,SE,1,True,True
cf019c0c68,SE,1,True,True
e468759579,SE,1,True,True
f66a696755,SE,1,True,True
a48ce621de,SE,1,True,True
34e56345ae,SE,1,True,True
a5243e5e75,SE,1,True,True
0cab1494da,SE,1,True,True
c5683e6b39,SE,1,True,True
e96e820f6f,SE,1,True,True
a9aa7e558e,SE,1,True,True
8c878714c9,SE,1,False,False
544afc9e52,SE,1,True,True
155bacbdec,SE,1,True,True
11b536985b,SE,1,True,True
27d2857469,SE,1,True,True
53b48aa734,SE,1,True,True
9de84e830c,SE,1,True,True
1df7224258,SE,1,True,True
a8596d9853,SE,1,True,True
0c0502c2af,SE,1,True,True
bdfb21985c,SE,1,True,True
14378eb623,SE,1,True,True
720ba533bc,SE,1,True,True
10ada71067,SE,1,True,True
89f87b8a8f,SE,1,True,True
1c6339baea,SE,1,True,True
971371e350,SE,1,True,True
8d843d5819,SE,1,True,True
3867b34b5e,SE,1,True,True
20f515675b,SE,1,True,True
67b917f915,SE,1,True,True
f70f79a449,SE,1,True,True
9f12898daa,SE,1,True,True
27d9939230,SE,1,True,True
99511c6464,SE,1,True,True
f438e5b660,SE,1,True,True
ee902d4a0d,SE,1,True,True
4b596916d5,SE,1,True,True
7960d577cf,SE,1,True,True
8590392067,SE,1,True,True
f1eec4fe59,SE,1,True,True
69b3e60e1b,SE,1,True,True
ff54450851,SE,1,True,True
006cc96dfb,SE,1,True,True
a75c10150a,SE,1,True,True
3ccf3dc5d9,SE,1,True,True
125df3c7c3,SE,1,True,True
0c9d628df4,SI,2,False,True
14ae766684,SI,1,True,True
6802a5cd67,SI,1,True,True
91a12ee2e2,SI,1,True,True
0048681029,SI,1,True,True
e3c2bfe20d,SI,1,True,True
3dcb8f175e,SK,1,True,True
4cb1f9032d,SK,1,True,True
0903b5ab3c,SK,1,True,True
ea04760d44,SK,1,True,True
222b026623,SK,1,True,True
e6cad19862,SK,1,True,True
1af8dbf259,SK,1,True,True
c131491da4,SK,1,True,True
e1feea6657,SK,1,True,True
fa5017961f,SK,1,True,True
c44aa9d4be,SK,1,True,True
76342b012e,SK,1,True,True
eecc30f52d,SK,1,True,True
d02ef718ef,SK,1,True,True
a71cd455c2,SK,1,True,True
4b9526aa8a,SK,1,True,True
a2a4c4cc38,SK,1,True,True
deacfd9fe8,SK,1,True,True
8a7fa50fd2,SK,1,True,True
d6bc176b77,SK,1,True,True
66e9210365,SK,1,True,True
4775d0bc44,SK,1,True,True
34a03aaf40,SK,1,True,True
0c4cedbaff,SK,1,True,True
282952bab2,SK,1,True,True
8b3fe15bee,SK,1,True,True
72f9730b9e,SK,1,True,True
28385a109a,SK,1,True,True
78b4230476,SK,1,True,True
440bfb3132,SK,1,True,True
5d31e953d4,SK,1,True,True
f3b29d0832,SK,1,True,True
6f44bb1594,SK,1,True,True
92bba41e01,SK,1,True,True
a4977593f4,SK,1,True,True
4d7b57b487,SK,1,True,True
f314f4d240,SK,1,True,True
b8a90070ca,SK,1,True,True
5dee8b1acd,SK,1,True,True
a6925f1672,SK,1,True,True
ba62aea389,SK,1,True,True
d551700bda,SK,1,True,True
e14b0a323b,SK,1,True,True
adb4af3db6,SK,1,True,True
63365a7fbf,SK,1,True,True
2a304edffa,SK,1,True,True
4dcbff45ba,SK,1,True,True
5e5146edb8,SK,1,True,True
aea16ec207,SK,1,True,True
d448e9ad24,SK,1,True,True
17967b6043,SK,1,True,True
880d634e59,SK,1,True,True
ce7c9b292e,SK,1,True,True
8f302ffe62,SK,1,True,True
0a88169fd4,GB,1,True,True
